sent-3562: 32563260 For example, genetic polymorphism of the apolipoprotein E gene (APOE) is associated with cognitive function and contributes to the regulation of circulating lipids.
sent-3563: 24582705 Apolipoprotein (APOE) e4 allele status has been linked to clinical presentation and progression in Alzheimer's disease; however, evidence for a role of APOE e4 in Parkinson's disease (PD) remains largely inconclusive.
sent-3564: 31331998 Humans express three genetic ApoE variants, ApoE2, ApoE3, and ApoE4, which exhibit distinct ApoE receptor-binding properties and differentially affect Alzheimer's disease (AD), such that ApoE2 protects against, and ApoE4 predisposes to AD.
sent-3565: 15345809 [8] showed an association between apolipoprotein E4 allele and neuronal cell apoptosis through diverse mechanisms.
sent-3566: 36151568 Beyond APOE, recent large-scale genome-wide association studies (GWAS) have highlighted low effect size variants in non-APOE genes that modify AD dementia risk.
sent-3567: 22344634 We examined whether variations in apolipoprotein E, microtubule-associated protein tau or catechol-O-methytransferase genotypes are associated with cognitive decline in Parkinson's disease.
sent-3568: 30474860 The polymorphism in ApoE causes differences at amino acid residues 112 and 158 in ApoE isoforms (ApoE2: Cys112/Cys158; ApoE3: Cys112/Arg158; ApoE4: Arg112/Arg158) which profoundly affect the structure and function of ApoE.
sent-3569: 24806679 Combined effects of Alzheimer risk variants in the CLU and ApoE genes on ventricular expansion patterns in the elderly.
sent-3570: 15702779 [Study of relationship between ApoE epsilon4 allele and hippocampal atrophy in Alzheimer disease].
sent-3571: 37680541 The effect of APOE epsilon4 allele on AD risk appeared to be stronger among men aged 75 years or more and among younger women.
sent-3572: 16096813 Cholesteryl ester transfer protein (CETP) polymorphism modifies the Alzheimer's disease risk associated with APOE epsilon4 allele.
sent-3573: 16190879 Alzheimer's disease is associated with genetic risk factors, of which the allele E4 of apolipoprotein E (apoE4) is the most prevalent, and it is also affected by environmental factors such as early life education.
sent-3574: 35327605 In addition, sex hormones are known to influence genes that have been suggested to be predisposing factors for AD, for instance, the ApoE gene alleles.
sent-3575: 22997040 Polymorphisms in the Apolipoprotein E gene clearly provide the greatest single genetic influence on sporadic AD risk .
sent-3576: 31367008 Findings suggest that APOE alleles exert an effect on neurodegenerative diseases marked by the aggregation of tau, a microtubule-associated protein encoded by the MAPT gene.
sent-3577: 29510495 Also, people that have both diabetes and an ApoE4 allele increase are prone to develop AD by increasing the amyloid deposition.
sent-3578: 23689075 Behavioral symptoms, sex, or genetic factors, including Beta 2-adrenergic receptor variants, apolipoprotein E, and cytochrome P450 CYP2D6, may contribute to beta-adrenergic receptor blockade modulation in AD.
sent-3579: 12634288 BACKGROUND: Genetic polymorphisms of angiotensin-converting enzyme (ACE) and apolipoprotein E (APOE) have been reported to be associated with human longevity and dementia in the elderly.
sent-3580: 27075583 ApoE and SNAP-25 Polymorphisms Predict the Outcome of Multidimensional Stimulation Therapy Rehabilitation in Alzheimer's Disease.
sent-3581: 25778476 In addition, the finding in the stage 1 sample that AD risk is significantly influenced by the interaction of APOE with rs1595014 in TMEM106B (P=1 6x10-7) is noteworthy because TMEM106B variants have previously been associated with risk of frontotemporal dementia.
sent-3582: 26404360 Lowest erythrocyte CAT enzyme activity and highest glutathione peroxidase (GSH-Px) enzyme activity were detected in the subjects with APOE rs7412 T/C + T/T and GSTM1+ genotype as compared with subjects with other genotypes.
sent-3583: 10980578 Thus our study does not reinforce the hypothesis of an independent involvement of the APOE promoter region polymorphisms in AD risk.
sent-3584: 28094792 The most significant genetic risk factor for late onset Alzheimer's disease is a variant of the apolipoprotein E gene, APOE4.
sent-3585: 36426228 First, many previous studies have shown that APOE gene polymorphisms affect blood lipid metabolism, and dyslipidemia is a significant risk factor for the occurrence and development of atherosclerotic plaques.
sent-3586: 27585988 Using the 191 ROI measurements of amyloid imaging data, and 58 genetic markers within the APOE gene, our method identifies a strong association between APOE SNP rs429358 and the amyloid burden measure in the frontal region.
sent-3587: 28642821 Importantly, mutations in genes that cause early-onset AD (presenilin 1 and APP) and PD (alpha-synuclein and Parkin), and that may increase the risk of AD (ApoE 4) and HSA (ABCC9), impair the ability of neurons to properly regulate Ca2+ and may thereby render the neurons vulnerable to Ca2+ overload-mediated cell death.
sent-3588: 34532841 Several studies have reported relationships between apolipoprotein E (APOE) haplotypes and SUA levels in humans; however, their results remain inconsistent.
sent-3589: 25379142 On the other hand, the apolipoprotein E type 4 variant (apoE4) has been implicated in the familial late-onset (> 60 years) and the apoE2 seems to confer protection in AD.
sent-3590: 26314833 Effects of APOE promoter polymorphism on the topological organization of brain structural connectome in nondemented elderly.
sent-3591: 21210284 Apolipoprotein E (apoE) is involved in the clearance of Abeta from brain and the APOE epsilon4 allele is a major risk factor for sporadic AD.
sent-3592: 26817942 Apolipoprotein E epsilon 2 allele and low serum cholesterol as risk factors for gastric cancer in a Chinese Han population Apolipoprotein E (apoE) mediates lipid metabolism both in peripheral and in the brain.
sent-3593: 24324264 Apolipoprotein E4 (apoE4) allele is the major genetic risk factor for sporadic Alzheimer disease (AD) due to the higher prevalence and earlier onset of AD in apoE4 carriers.
sent-3594: 12582468 Screening of familial cases has so far linked four genes to Alzheimer's disease: amyloid precursor protein, presenilin 1, presenilin 2 and apolipoprotein E. Mutations in the amyloid precursor protein, presenilin 1 and presenilin 2 genes cause the enhanced production of b amyloid that is found in neuritic plaques.
sent-3595: 33927215 LDLR and APOE gene mutations also cause familial hypercholesterolemia.
sent-3596: 25882604 The APOE-epsilon2/3/4 alleles, determined by rs7412 and rs429358, are arguably the most investigated SNPs for susceptibility to brain diseases and cognitive impairment.
sent-3597: 28559539 Point mutations in ApoE3 have been associated with Alzheimer's disease, type III hyperlipoproteinemia, atherosclerosis, telomere shortening and impaired cognitive function.
sent-3598: 29301387 In our casuistic, we treated hypertensive AD patients with Enalapril (10-20 mg/day) for one month and performed a pharmacogenetic study assessing the potential influence of APOE, NOS3, ACE, AGT, and CYP2D6, 2C19, 2C9, and 3A4/5 variants on blood pressure response to this competitive inhibitor of the angiotensin-converting enzyme.
sent-3599: 35756922 Structure prediction of APOE3 Leu159Pro revealed that proline could disturb the structure of Helix-4 since it could result in a kink inside the alpha-helix (Figures 5A,B).
sent-3600: 21223993 Familial cases of AD have been linked primarily to mutations in genes such as amyloid precursor protein [APP], presenilin-1 (PS-1) and presenilin-2 [PS-2]; however, other genes such as apolipoprotein E, allele 4, endothelial nitric oxide synthase-3, and alpha2-macroglobulin have been found in other AD cases.
sent-3601: 19852818 We previously demonstrated an association between APOE polymorphisms and incident CKD in the Atherosclerosis Risk in Communities (ARIC) study, a large community based prospective study of middle-aged white and African-American adults.
sent-3602: 24179803 Polymorphism of brain derived neurotrophic factor influences beta amyloid load in cognitively intact apolipoprotein E epsilon4 carriers.
sent-3603: 35001095 The common variants in APOE and ABCA7, as well as rare variants in ABCA7 and UNC5C, may contribute to the etiology of AD.
sent-3604: 14530190 Association between apolipoprotein E alleles and calcific valvular heart disease.
sent-3605: 36865313 Stimulation and inhibition of SMAD signaling modulated APOE RNA levels in a SORL1-dependent manner.
sent-3606: 34630027 Among them, the APOE gene variant APOE E4 and a rare variant of the TREM2 gene (R74H) associate with AD.
sent-3607: 25076830 ApoliopoproteinE epsilon4 (ApoE-epsilon4) polymorphism is the most well known genetic risk factor for developing Alzheimers Disease.
sent-3608: 29301387 Furthermore, APOE, NOS3, ACE, AGT, and CYP variants influence the therapeutic response to hypotensive drugs in AD patients with hypertension.
sent-3609: 33177974 Normal apoE function is essential in the attenuation of glutamate effect; however, its genetic mutation is the most known risk factor of AD.
sent-3610: 34135129 Fifth, in this study, we only examined the effects of a single genetic polymorphism, and it is necessary to detect other functional variants of the ApoE gene (e.g., rs7412), because other polymorphisms, haplotypes, gene interaction or gene-environment interaction may be associated with schizophrenia or with cognitive dysfunction in patients with schizophrenia.
sent-3611: 34389067 On the other hand, the most clinically relevant genetic risk factor for sporadic AD is APOE gene mutation.
sent-3612: 36251323 AD is highly heritable and can be caused by autosomal dominant genetic variants in the amyloid precursor protein (APP), presenilin1 and -2 (PSEN1 and PSEN2) genes, or associated with risk factors in multiple other loci, including apolipoprotein E (Apo E) and triggering receptor on myeloid cells 2 (TREM2).
sent-3613: 35844252 The APOE4 variant leads to accelerated cerebrovascular injury and cognitive decline.
sent-3614: 19844812 Genetic factors that either cause or predispose to AD include mutations in APP and presenilins 1 and 2 (which cause early-onset autosomal dominant inherited AD) and polymorphisms in apolipoprotein E (ApoE4 increases the risk of AD).
sent-3615: 19481107 Apolipoprotein E is considered to be involved in the RAGE/LRP1 shuffling mechanism, and polymorphisms in apolipoprotein E (ApoE) are known to markedly influence the risk of late-onset AD (Saunders.
sent-3616: 11281447 This study was undertaken to investigate the role of two alpha2-macroglobulin (A2M) polymorphisms, an intronic 5-bp deletion and Ile1000Val, in the development of Alzheimer's disease (AD) and to evaluate the interaction between the apolipoprotein E (APOE) and A2M polymorphisms.
sent-3617: 32474901 Selected LDLR and APOE Polymorphisms Affect Cognitive and Functional Response to Lipophilic Statins in Alzheimer's Disease.
sent-3618: 33540840 A genetic polymorphism that is the main sporadic AD risk factor is apoliprotein E (APOE gene).
sent-3619: 16554485 Its inhibition not only prevents glutamate excitotoxicity but also facilitates neuroprotection by apoE.
sent-3620: 33488947 However, these data are only potentially reliable and should be further investigated taking also in consideration other environmental parameters, such as firstly the diet, with particular regard to vitamin D, calcium, and selenium, which could modulate the investigated pathways, i.e., the amyloid production, antioxidant defence, and proteasome activity, concerning the ApoE polymorphism.
sent-3621: 23736218 We apply our method to two genome-wide association data sets and localize both the functional variant REP1 in the alpha-synuclein gene that conveys susceptibility to Parkinson's disease and the APOE gene responsible for the association signal in the Alzheimer's disease data set.
sent-3622: 35203999 A beneficial correlation with intelligence levels has been observed in polymorphisms of A31G and the G128T gene promotors for the cholecystokinin A receptor (CCKAR) gene.
sent-3623: 37784171 APOE genotyping is recommended for informing risk discussions with candidate participants because APOE4 allele carriers, especially APOE4 homozygotes, are at a high risk of ARIAs.
sent-3624: 36901420 Relationship between APOE, PER2, PER3 and OX2R Genetic Variants and Neuropsychiatric Symptoms in Patients with Alzheimer's Disease Alzheimer's disease (AD) is characterized by the presence of neuropsychiatric or behavioral and psychological symptoms of dementia (BPSD).
sent-3625: 37953886 Both variations yielded the same polymorphisms, including a well-known marker of dementia, rs429358in the APOE gene.
sent-3626: 32808727 First, it is well established that heterozygotes for Arg176Cys (epsilon32) are associated with a decreased risk of dementia, likely explained by higher apoE levels caused by decreased affinity of the apoE2 isoform to LDL receptors due to the well-established ligand-defect of 176Cys.
sent-3627: 36119691 Besides, as mentioned above, APOE-epsilon4 allele is associated with increased amyloid beta-protein (Abeta) deposition and may lead to the formation and progression of WMH, especially in the frontal lobe.
sent-3628: 18825439 Mean PVH, D-WMH, T-WMH and MTA scores were significantly higher in ApoE4 allele carriers as compared to the non-carriers (p < 0.01 for the WMH scores and p = 0.046 for MTA).
sent-3629: 28363452 The SNP rs7115850, located on the GRB-associated binding protein 2 (GAB2) gene, has been reported to interact with the APOE gene to have a causal effect on LOAD.
sent-3630: 32784855 APOE binding to Abeta promotes its clearance by microglia, whereas the AD-predisposing APOE4 allele is associated with the impairment of this process.
sent-3631: 37726747 CONCLUSIONS: Our findings demonstrate how alternative splicing of the APOE and Reelin receptor Apoer2 and release of the Apoer2-ICD regulates numerous translating transcripts in mouse hippocampi in vivo.
sent-3632: 28035917 However, the levels of Trx1 were restored when cells were treated with pepstatin A. Interestingly, a polymorphism in the Cathepsin D gene has been associated with increased risk for AD, especially in ApoE4 carriers.
sent-3633: 29541929 Polymorphisms in the genes for LRP, and its ligands apolipoprotein E and alpha-macroglobulin are linked to Alzheimer's disease and HAD.
sent-3634: 32697195 Apolipoprotein E (APOE) variants have been established as a strong risk factor for cardiovascular disease and Alzheimer's disease and are associated with altered LDL-C levels.
sent-3635: 25856502 For example, the epsilon4 variant (encoding Cys112Arg) of apolipoprotein E, which is present in roughly 30% of all human genomes, is a risk factor for the common (sporadic) form of Alzheimer's disease.
sent-3636: 21803501 In this study, we examined whether TOMM40 variants, which have been reported to influence age of onset of AD, also had an effect on CSF cortisol levels, in healthy, cognitively intact individuals with or without APOE e4.
sent-3637: 11750985 Previous studies have shown elevated TF C2 allele frequencies in AD, this being specifically associated with carriers of the APO E varepsilon4 allele.
sent-3638: 21654062 We analyzed the role of APOE and AbetaPP variants in cortical and cerebrovascular Abeta deposition, and neuropathologically verified AD (based on modified NIA-RI criteria) in a population-based autopsy sample of Finns aged >= 85 years (Vantaa85 + Study; n = 282).
sent-3639: 28730955 Genetic testing also provides powerful evidence for AD diagnosis: mutations in beta-amyloid precursor protein (APP) and presenilin 1/2 genes are closely associated with familial AD, and apolipoprotein E gene polymorphism was reported to show strong correlation with AD.
sent-3640: 24755620 While familial-AD has been associated with mutations in the genes coding for the amyloid precursor protein (APP) and the presenilins (PSEN1 and PSEN2) proteins, the only genetic factor extensively replicated for sporadic AD is the apolipoprotein E-epsilon4 (APOE-epsilon4) allele, which is present in ca.
sent-3641: 30480257 Coupling LCAT knockout mice with LDL receptor (LDLr) knockout and APOE knockout, there is a notable reduction in HDL, an increase in LDL, and an increase in the saturation of cholesteryl esters in LDL which resulted in significantly more cholesterol deposited in the aorta.
sent-3642: 26835020 Apolipoprotein E epsilon4 allele and malondialdehyde level are independent risk factors for Alzheimer's disease.
sent-3643: 22191060 Recently, we have reported an association between APOE alleles and IL-1beta levels in patients with AD.
sent-3644: 27406263 These findings suggest that there is a positive correlation between depressive symptoms and cognitive decline in people carrying one or two APOE4 alleles.
sent-3645: 19455140 We carried out a case-control study with 906 CRC cases and 911 unaffected controls to examine the associations between ApoE polymorphisms and dietary factors and assessed their contribution to MSS/L and MSI-H CRCs.
sent-3646: 19653879 Because a role of APOE and ACE polymorphisms in neurodegenerative, cardiovascular, and cerebrovascular diseases as well as in cancer development and progression have been reported, in this study we adjusted all the analyses for age, gender, and all of the above-mentioned potential confounders.
sent-3647: 25904988 The polymorphism of the apolipoprotein E (APOE) gene is the major risk factor for sporadic AD, a fact recently reiterated in a number of genome-wide association studies (GWASs).
sent-3648: 32511690 Higher systolic blood pressure and apolipoprotein E epsilon4 allele homozygosity (OR, 3.66; 95% CI, 1.28-10.43; P = .02) were associated with the incidence of lobar ICH.
sent-3649: 32546237 The polymorphisms of APOE have been reported to be associated with the regulation and metabolism of lipids.
sent-3650: 33397400 None of these meQTLs is associated with all 16 CpGs: two are each associated with nine CpGs: rs7412, one of the APOE epsilon2/epsilon3/epsilon4-defining SNPs; and rs41290120, an intronic PVRL2 SNP that is in high linkage disequilibrium with rs7412 with D' = 0.85 in the British population.
sent-3651: 22091571 The link between APOe4 and frailty status is less well defined; while the presence of Apoe4 allele was associated with increased mortality in the Canadian Study of Health and Aging, but there was no significant association between apoE4 and frailty (or apoE4 and delirium).
sent-3652: 23921447 These GWA studies have replicated the already established association between sporadic AD and variants at the APOE locus on chromosome 19 and have identified several novel susceptibility loci that implicate endocytosis, innate immunity, and lipid processing as important pathogenetic mechanisms.
sent-3653: 34830192 Additionally, a polymorphism in the apolipoprotein E (APOE) gene can be a major risk factor for sporadic AD.
sent-3654: 36426228 Second, APOE gene polymorphisms are associated with the development of diabetes, but the underlying mechanism is currently unknown.
sent-3655: 16480703 CONCLUSION: There is considerable effect of the ChAT polymorphisms on AD in Korean population and this effect is dependent on ApoE genotypes.
sent-3656: 29064737 Effects of APOE haplotypes and measures of cardiovascular risk over gender-dependent cognitive and functional changes in one year in Alzheimer's disease.
sent-3657: 30677746 verbal memory in schizophrenic patients, memory performance, and attention in young), and the observation that APOE4 is an advantageous factor on survival and infertility in infectious environments, or that APOE alleles are associated with conscientiousness personality-trait in relationship to gray matter volume and greater cortical connectivity.
sent-3658: 29213291 Apolipoprotein E polymorphism has emerged as one of the major genetic factors associated with the risk and prognosis of many neurological disorders and of hemorrhagic stroke in various populations.
sent-3659: 16930778 Genetic risk profiles for Alzheimer's disease: integration of APOE genotype and variants that up-regulate inflammation.
sent-3660: 24423219 ApoE alleles seem not to modify the velocity of clinical progression of dementia, or at most could have a very small effect.
sent-3661: 10936878 In addition, polymorphisms in three other genes (among others), apolipoprotein E (apoE), alpha2-macroglobulin (alpham), and the low density lipoprotein receptor-related protein (LRP), are implicated to contribute to AD pathogenesis.
sent-3662: 19183779 The role of gene polymorphisms is discussed, including apolipoprotein (APOE) e4 as a pro-inflammatory and pro-infection genotype.
sent-3663: 35563873 APOE variants are strongly highlighted in multiple studies with E4 increasing, whereas E2 decreases the risk of late-onset AD compared with the E3 variant.
sent-3664: 37225733 In this model, the APOE epsilon4 gene variant gives rise to biochemical alterations of the APOE protein, resulting in a cascade of phenotypic effects including neuroinflammation, vascular dysfunction and neuropathology, underlying the clinical outcome.
sent-3665: 24168200 Relationship of Cognitive Reserve and APOE Status to the Emergence of Clinical Symptoms in Preclinical Alzheimer's Disease The APOE epsilon4 allele increases the risk of developing Alzheimer's disease, whereas the APOE epsilon2 allele reduces risk.
sent-3666: 34381040 People who carry the APOE4 gene variant are at higher-than-average risk of developing AD, and the variant is linked to defects in the blood-brain barrier (BBB) and subsequent cognitive decline.
sent-3667: 30995509 It was then that a pair of reports published back-to-back detailed findings that a rare SNP in TREM2 (resulting in amino acid change R47H) altered AD risk with the highest odds ratio of any AD risk gene outside of APOE (Figure 1).
sent-3668: 32451497 Consistently, melanoma patients carrying the APOE4 variant experienced improved survival in comparison to APOE2 carriers.
sent-3669: 37986179 Additionally, the APOE epsilon3 R136S (Christchurch) variant (APOE-Ch) has been found to protect against an EOAD PSEN1 mutation, delaying cognitive impairment and reducing tau pathology despite high levels of Abeta.
sent-3670: 28873088 We found viability effects of variants near the APOE and CHRNA3 genes, which are associated with the risk of Alzheimer disease and smoking behavior, respectively.
sent-3671: 24893590 The absence of the APOE type 4 allele could predict its progression.
sent-3672: 32926246 In this study, we analyzed the association between polymorphisms in these genes and in the APOE gene, through RT-PCR, as well as between environmental factors and the risk of AD.
sent-3673: 34771058 Mutation in the gene encoding apolipoprotein E (substitution of cysteine with arginine:an amino acid lacking thiol groups) is a susceptibility biomarker for Alzheimer's disease, while homozygous deletion of GSTT1 and combined deletion of GSTT1-/GSTM1- was found in patients sensitized by thimerosal (Westphal's group).
sent-3674: 18182766 CONCLUSION: These data suggest that BACE1 polymorphism in exon 5 influences risk for late-onset AD in those carrying the ApoE epsilon4 allele.
sent-3675: 35328652 Furthermore, in healthy carriers of the apolipoprotein E (ApoE epsilon4) polymorphism, linked to Abeta clearance and heightened risk for AD development, miR-153-3p was shown to be increased, leading to blockage of nuclear factor erythroid-2-related-factor-2 (Nrf2)-mediated proteasomal function and erythrocyte Abeta accumulation in plasma.
sent-3676: 37445928 While early-onset AD (EOAD) is brought on by mutations in presenilin 1, presenilin 2, and amyloid precursor protein, sporadic, late-onset AD (LOAD) is associated with the APOE 4 gene (APP).
sent-3677: 34625307 Definitive roles of TOMM40-APOE-APOC1 variants in the Alzheimer's risk.
sent-3678: 11110974 RESULTS: The polymorphisms of PS-1 gene and ApoE gene were associated obviously with SAD.
sent-3679: 20208369 Apolipoprotein E (apoE) polymorphism is associated with onset of Alzheimer's disease (AD).
sent-3680: 21892657 CETP polymorphisms associate with brain structure, atrophy rate, and Alzheimer's disease risk in an APOE-dependent manner.
sent-3681: 16973370 Butyrylcholinesterase (BuChE) is increased in the cerebral cortex of Alzheimer's disease (AD) patients, particularly those carrying epsilon4 allele of the apolipoprotein E gene (ApoE) and certain BuChE variants that predict increased AD risk and poor response to anticholinesterase therapy.
sent-3682: 28798312 The more frequent late onset form of AD (LOAD) is associated with mutations of the apolipoprotein E (APOE) gene.
sent-3683: 24786335 Our findings suggest that genetic variations in one of the sequences regulating the expression of APOE, may be associated with worse clinical outcome in children with cerebral palsy Apolipoprotein E (apoE) is the main protein involved in the transport of cholesterol and lipids in the brain and supplies cells with substances for myelin synthesis, membrane and synapse formation and maintenance.
sent-3684: 16894123 The typical amnestic phenotype seems to be promoted by the APOE-epsilon4 allele, whereas the atypical nonmemory phenotype occurs in the absence of the APOE-epsilon4 allele.
sent-3685: 34238312 Some of the early clues linking APOE with vascular pathobiology involved early antibody trials showing a link between the APOE4 allele and recurrent hemorrhages in cerebral amyloid angiopathy (CAA) patients.
sent-3686: 36426228 Polymorphisms of the apolipoprotein E gene affect response to atorvastatin therapy in acute ischemic stroke Polymorphisms of the apolipoprotein E (APOE) gene are related to the efficacy of statin therapy.
sent-3687: 24370622 Apolipoprotein E alleles in Cuban patients with mild cognitive impairment.
sent-3688: 21984189 These results suggest that ApoE polymorphism is significantly associated with susceptibility to vascular dementia in Chinese population.
sent-3689: 10833320 Apolipoprotein E epsilon4 allele has no effect on age at onset or duration of disease in cases of frontotemporal dementia with pick- or microvacuolar-type histology.
sent-3690: 34120907 Segmented Linear Mixed Model Analysis Reveals Association of the APOE e4 Allele with Faster Rate of Alzheimer's Disease Dementia Progression APOEe4 allele carriers present with an increased risk for late-onset Alzheimer's disease (AD), show cognitive symptoms at an earlier age, and are more likely to transition from mild cognitive impairment (MCI) to dementia but despite this, it remains unclear whether or not the e4 allele controls the rate of disease progression.
sent-3691: 32451497 Common germline variants of the human APOE gene modulate melanoma progression and survival Common germline variants of the APOE gene are major risk modifiers of neurodegenerative and atherosclerotic diseases, but their impact on cancer outcome is poorly defined.
